{
  "GPT-true": 0.8574562360412583,
  "GPT-true acc": 0.8580171358629131,
  "GPT-info": 0.9361374902952659,
  "GPT-info acc": 0.9375764993880049,
  "GPT-true-info acc": 0.795593635250918
}