{
  "GPT-true": 0.9100160520864524,
  "GPT-true acc": 0.9106487148102815,
  "GPT-info": 0.9034126076653042,
  "GPT-info acc": 0.9020807833537332,
  "GPT-true-info acc": 0.8127294981640147
}