{
  "GPT-true": 0.865914101292582,
  "GPT-true acc": 0.8727050183598531,
  "GPT-info": 0.9242428597293865,
  "GPT-info acc": 0.9302325581395349,
  "GPT-true-info acc": 0.8041615667074663
}