{
    "by_lib": {
        "pandas_pass@10": 0.33707159713351664,
        "numpy_pass@10": 0.47038915928140423,
        "matplotlib_pass@10": 0.6760615138487064,
        "tensorflow_pass@10": 0.3168214654282766,
        "scipy_pass@10": 0.4464422746156493,
        "sklearn_pass@10": 0.35205069530012323,
        "pytorch_pass@10": 0.3360584365325078
    },
    "pass@10": 0.4393834300374547,
    "by_perturbation_type": {
        "origin": 0.24505494505494507,
        "surface": 0.08800000000000001,
        "semantic": 0.16041666666666668,
        "difficult-rewrite": 0.0625
    }
}