{
  "GPT-true": 0.6009907115778753,
  "GPT-true acc": 0.5997552019583844,
  "GPT-info": 0.9350411581876114,
  "GPT-info acc": 0.9363525091799265,
  "GPT-true-info acc": 0.5385556915544676
}