{
    "by_lib": {
        "pandas_pass@10": 0.3802496265344563,
        "numpy_pass@10": 0.5471307179568148,
        "matplotlib_pass@10": 0.7198017071733872,
        "tensorflow_pass@10": 0.38884258156703977,
        "scipy_pass@10": 0.6573552866122525,
        "sklearn_pass@10": 0.2753398842374478,
        "pytorch_pass@10": 0.5548344844010478
    },
    "pass@10": 0.5062035062460759,
    "by_perturbation_type": {
        "origin": 0.30879120879120875,
        "surface": 0.12200000000000001,
        "semantic": 0.20104166666666667,
        "difficult-rewrite": 0.09861111111111112
    }
}