{
    "by_lib": {
        "pandas_pass@10": 0.4317940713944092,
        "numpy_pass@10": 0.608521641463573,
        "matplotlib_pass@10": 0.743187601057896,
        "tensorflow_pass@10": 0.541841972956524,
        "scipy_pass@10": 0.6269978301712048,
        "sklearn_pass@10": 0.5186739831712238,
        "pytorch_pass@10": 0.5419891640866873
    },
    "pass@10": 0.5685152850245729,
    "by_perturbation_type": {
        "origin": 0.34285714285714286,
        "surface": 0.20600000000000002,
        "semantic": 0.23958333333333334,
        "difficult-rewrite": 0.13333333333333333
    }
}