{
  "GPT-true": 0.902118130149557,
  "GPT-true acc": 0.9045287637698899,
  "GPT-info": 0.913744776481946,
  "GPT-info acc": 0.9143206854345165,
  "GPT-true-info acc": 0.8200734394124847
}