{
    "by_lib": {
        "pandas_pass@10": 0.350225161835069,
        "numpy_pass@10": 0.4964509552216265,
        "matplotlib_pass@10": 0.6361724880952517,
        "tensorflow_pass@10": 0.32163081156889206,
        "scipy_pass@10": 0.34120196968494176,
        "sklearn_pass@10": 0.2082224546217008,
        "pytorch_pass@10": 0.4995423017385092
    },
    "pass@10": 0.4280476682759965,
    "by_perturbation_type": {
        "origin": 0.2181318681318681,
        "surface": 0.11800000000000001,
        "semantic": 0.15312499999999998,
        "difficult-rewrite": 0.06388888888888888
    }
}