{
  "GPT-true": 0.9207274598389913,
  "GPT-true acc": 0.9228886168910648,
  "GPT-info": 0.9228865738875702,
  "GPT-info acc": 0.9277845777233782,
  "GPT-true-info acc": 0.8506731946144431
}