{
    "by_lib": {
        "pandas_pass@10": 0.3926679709257813,
        "numpy_pass@10": 0.5527332291660615,
        "matplotlib_pass@10": 0.7840050205619701,
        "tensorflow_pass@10": 0.48632550799733465,
        "scipy_pass@10": 0.5813917334815167,
        "sklearn_pass@10": 0.42152352291671175,
        "pytorch_pass@10": 0.5443818468683019
    },
    "pass@10": 0.5364906146485093,
    "by_perturbation_type": {
        "origin": 0.27692307692307694,
        "surface": 0.13799999999999998,
        "semantic": 0.165625,
        "difficult-rewrite": 0.08750000000000001
    }
}