{
    "by_lib": {
        "pandas_pass@10": 0.21699971854770617,
        "numpy_pass@10": 0.33956691198252775,
        "matplotlib_pass@10": 0.468977291243871,
        "tensorflow_pass@10": 0.0,
        "scipy_pass@10": 0.1379660501177529,
        "sklearn_pass@10": 0.12128146453089246,
        "pytorch_pass@10": 0.22029798761609906
    },
    "pass@10": 0.2623799768343112,
    "by_perturbation_type": {
        "origin": 0.11593406593406592,
        "surface": 0.026000000000000002,
        "semantic": 0.057291666666666664,
        "difficult-rewrite": 0.008333333333333333
    }
}