{
  "GPT-true": 0.5706898165868801,
  "GPT-true acc": 0.5691554467564259,
  "GPT-info": 0.9062012920081797,
  "GPT-info acc": 0.9069767441860465,
  "GPT-true-info acc": 0.4908200734394125
}