{
    "win_rate": 87.95031055900621,
    "standard_error": 1.1480970240838428,
    "n_wins": 708,
    "n_wins_base": 97,
    "n_draws": 0,
    "n_total": 805,
    "mode": "community",
    "avg_length": 1942
}